{"timestamps": [1593775312.979577, 1593775335.487635, 1593775368.775619, 1593775407.503169, 1593775480.469637, 1593775577.563144, 1593775691.194265], "initial_reset_timestamp": 1593775311.277787, "episode_types": ["t", "t", "t", "t", "t", "t", "t"], "episode_lengths": [3, 94, 55, 26, 163, 99, 69], "episode_rewards": [-198.0, -15.0, -98.0, -143.0, 566.0, 206.0, -92.0]}